Price,adj_close,log_price,log_return
Ticker,SPY,,
Date,,,
1/3/18,239.4140167,5.478194341,0.006305787
1/4/18,240.4230652,5.482400143,0.004205802
1/5/18,242.025238,5.48904201,0.006641867
1/8/18,242.4678345,5.49086906,0.00182705
1/9/18,243.0166779,5.493130074,0.002261014
1/10/18,242.6448822,5.491598984,-0.00153109
1/11/18,244.4152374,5.498868572,0.007269587
1/12/18,246.0085754,5.505366395,0.006497823
1/16/18,245.1676025,5.501942069,-0.003424326
1/17/18,247.5045319,5.511428892,0.009486824
1/18/18,247.0883942,5.509746144,-0.001682749
1/19/18,248.2125702,5.514285517,0.004539373
1/22/18,250.2307587,5.522383527,0.00809801
1/23/18,250.7619476,5.524504073,0.002120546
1/24/18,250.664566,5.524115655,-0.000388418
1/25/18,250.7707367,5.524539122,0.000423467
1/26/18,253.6741638,5.536050624,0.011511502
1/29/18,251.9923859,5.529398872,-0.006651752
1/30/18,249.4076691,5.519088783,-0.010310089
1/31/18,249.5315094,5.519585197,0.000496415
2/1/18,249.2482452,5.518449369,-0.001135829
2/2/18,243.8222504,5.496439478,-0.022009891
2/5/18,233.6248932,5.453716809,-0.042722669
2/6/18,238.2278137,5.473227416,0.019510608
2/7/18,236.9355164,5.467788021,-0.005439395
2/8/18,228.0482178,5.429557088,-0.038230933
2/9/18,231.4738922,5.444467091,0.014910002
2/12/18,234.8729706,5.459044817,0.014577727
2/13/18,235.4571686,5.461529023,0.002484205
2/14/18,238.6350098,5.474935229,0.013406206
2/15/18,241.6800232,5.487614633,0.012679404
2/16/18,241.7507935,5.487907416,0.000292783
2/20/18,240.2371368,5.481626506,-0.006280911
2/21/18,239.0421448,5.476639874,-0.004986631
2/22/18,239.352005,5.477935293,0.001295418
2/23/18,243.1671143,5.49374892,0.015813627
2/26/18,245.9908295,5.505294257,0.011545337
2/27/18,242.91922,5.49272896,-0.012565297
2/28/18,240.4584198,5.482547184,-0.010181776
3/1/18,236.9620514,5.467900008,-0.014647176
3/2/18,238.1835175,5.473041458,0.005141451
3/5/18,240.9364624,5.484533257,0.011491799
3/6/18,241.5472565,5.487065133,0.002531876
3/7/18,241.4586792,5.486698358,-0.000366775
3/8/18,242.6271057,5.49152572,0.004827363
3/9/18,246.8494568,5.508778664,0.017252944
3/12/18,246.5396576,5.507522863,-0.001255801
3/13/18,244.9463196,5.501039083,-0.00648378
3/14/18,243.6893616,5.495894306,-0.005144777
3/15/18,243.4238739,5.494804261,-0.001090045
3/16/18,243.6878052,5.495887919,0.001083658
3/19/18,240.390564,5.48226495,-0.013622969
3/20/18,240.799408,5.483964255,0.001699304
3/21/18,240.3372803,5.482043271,-0.001920984
3/22/18,234.3295593,5.456728498,-0.025314774
3/23/18,229.3349304,5.435183513,-0.021544984
3/26/18,235.6092834,5.462174854,0.026991341
3/27/18,231.6011505,5.445016713,-0.017158141
3/28/18,230.9168091,5.442057512,-0.002959202
3/29/18,233.8673706,5.454754162,0.012696651
4/2/18,228.819397,5.432933033,-0.021821129
4/3/18,231.7521973,5.445668686,0.012735653
4/4/18,234.2317657,5.456311077,0.010642392
4/5/18,236.080307,5.464172031,0.007860954
4/6/18,230.8190918,5.441634251,-0.02253778
4/9/18,231.956604,5.446550302,0.004916051
4/10/18,235.6448517,5.462325806,0.015775503
4/11/18,234.4095154,5.457069652,-0.005256154
4/12/18,236.3380432,5.465263167,0.008193515
4/13/18,235.6448517,5.462325806,-0.002937361
4/16/18,237.5822144,5.470513729,0.008187923
4/17/18,240.1240234,5.481155554,0.010641825
4/18/18,240.3017426,5.481895394,0.00073984
4/19/18,238.9687042,5.476332599,-0.005562796
4/20/18,236.9423218,5.467816743,-0.008515855
4/23/18,236.9068451,5.467667005,-0.000149738
4/24/18,233.7163239,5.454108089,-0.013558916
4/25/18,234.2939301,5.456576438,0.00246835
4/26/18,236.6757202,5.466690935,0.010114497
4/27/18,236.897934,5.46762939,0.000938455
4/30/18,235.0760498,5.459909078,-0.007720312
5/1/18,235.4937439,5.461684348,0.00177527
5/2/18,233.9117889,5.454944074,-0.006740274
5/3/18,233.3963318,5.452738003,-0.002206071
5/4/18,236.417984,5.465601357,0.012863354
5/7/18,237.2178497,5.468978916,0.003377559
5/8/18,237.2178497,5.468978916,0
5/9/18,239.5108643,5.478598778,0.009619862
5/10/18,241.7503204,5.48790546,0.009306682
5/11/18,242.4879913,5.490952189,0.003046729
5/14/18,242.6035461,5.491428614,0.000476425
5/15/18,240.9326935,5.484517614,-0.006910999
5/16/18,241.9458466,5.488713927,0.004196312
5/17/18,241.7414551,5.487868788,-0.000845139
5/18/18,241.1371002,5.485365652,-0.002503135
5/21/18,242.9501648,5.492856339,0.007490687
5/22/18,242.2746582,5.490072034,-0.002784305
5/23/18,242.9411774,5.492819346,0.002747312
5/24/18,242.4435425,5.490768869,-0.002050477
5/25/18,241.86586,5.488383275,-0.002385594
5/29/18,239.0841675,5.476815655,-0.01156762
5/30/18,242.2746582,5.490072034,0.013256379
5/31/18,240.7905426,5.483927438,-0.006144596
6/1/18,243.15448,5.493696961,0.009769524
6/4/18,244.309906,5.498437526,0.004740565
6/5/18,244.4876709,5.499164882,0.000727356
6/6/18,246.5316467,5.50749037,0.008325488
6/7/18,246.5050049,5.507382297,-0.000108072
6/8/18,247.2337494,5.510334243,0.002951946
6/11/18,247.5625458,5.51166326,0.001329017
6/12/18,247.8824921,5.512954812,0.001291551
6/13/18,247.0915375,5.509758865,-0.003195947
6/14/18,247.7137756,5.512273949,0.002515084
6/15/18,247.3976593,5.510996999,-0.00127695
6/18/18,246.8887939,5.508938008,-0.00205899
6/19/18,245.9425507,5.505097975,-0.003840034
6/20/18,246.3621521,5.506802616,0.001704642
6/21/18,244.8177338,5.50051399,-0.006288627
6/22/18,245.2640381,5.502335337,0.001821347
6/25/18,241.925293,5.488628972,-0.013706365
6/26/18,242.460968,5.490840741,0.002211769
6/27/18,240.4523773,5.482522055,-0.008318686
6/28/18,241.8271027,5.488223019,0.005700964
6/29/18,242.1752625,5.489661689,0.00143867
7/2/18,242.6930542,5.491797493,0.002135804
7/3/18,241.8360596,5.488260057,-0.003537437
7/5/18,243.8089447,5.496384905,0.008124848
7/6/18,245.8711243,5.504807514,0.008422609
7/9/18,248.0850983,5.513771825,0.008964312
7/10/18,248.9778442,5.517363914,0.003592088
7/11/18,247.1565552,5.510021962,-0.007341951
7/12/18,249.3973389,5.519047363,0.009025401
7/13/18,249.5937653,5.519834657,0.000787294
7/16/18,249.370636,5.518940288,-0.00089437
7/17/18,250.379364,5.522977224,0.004036936
7/18/18,250.9059448,5.525078147,0.002100923
7/19/18,249.9597778,5.521300016,-0.003778131
7/20/18,249.674057,5.520156295,-0.001143721
7/23/18,250.1383057,5.522013988,0.001857692
7/24/18,251.3970184,5.527033436,0.005019449
7/25/18,253.5395355,5.53551977,0.008486333
7/26/18,252.9414368,5.533157987,-0.002361783
7/27/18,251.2274475,5.526358694,-0.006799293
7/30/18,249.9151611,5.521121505,-0.005237189
7/31/18,251.1470642,5.526038681,0.004917176
8/1/18,250.7274628,5.524366544,-0.001672137
8/2/18,252.093277,5.529799166,0.005432622
8/3/18,253.1735229,5.534075115,0.004275949
8/6/18,254.1019592,5.537735601,0.003660486
8/7/18,254.9410248,5.541032243,0.003296642
8/8/18,254.8339996,5.540612351,-0.000419892
8/9/18,254.4858246,5.539245135,-0.001367216
8/10/18,252.7807465,5.532522498,-0.006722637
8/13/18,251.8343964,5.528771714,-0.003750784
8/14/18,253.4413605,5.535132477,0.006360762
8/15/18,251.5487213,5.527636694,-0.007495783
8/16/18,253.5841675,5.53569579,0.008059096
8/17/18,254.4768829,5.539209999,0.003514209
8/20/18,255.0215302,5.541347974,0.002137975
8/21/18,255.6195068,5.543690037,0.002342064
8/22/18,255.4678497,5.543096569,-0.000593468
8/23/18,255.1286163,5.541767796,-0.001328773
8/24/18,256.6639709,5.547767723,0.005999928
8/27/18,258.6904907,5.555632331,0.007864607
8/28/18,258.8154907,5.556115417,0.000483086
8/29/18,260.2080994,5.561481693,0.005366276
8/30/18,259.1547546,5.557425392,-0.004056302
8/31/18,259.1636047,5.557459541,3.41E-05
9/4/18,258.7172546,5.555735784,-0.001723756
9/5/18,258.0209351,5.553040725,-0.002695059
9/6/18,257.2443237,5.550026309,-0.003014416
9/7/18,256.7443848,5.548080978,-0.001945331
9/10/18,257.1907654,5.549818087,0.001737109
9/11/18,258.0388184,5.553110032,0.003291945
9/12/18,258.1012878,5.553352096,0.000242064
9/13/18,259.6277771,5.559248979,0.005896882
9/14/18,259.6723633,5.559420695,0.000171716
9/17/18,258.2976379,5.554112555,-0.00530814
9/18/18,259.6992188,5.55952411,0.005411555
9/19/18,259.9759216,5.560589018,0.001064907
9/20/18,262.0827026,5.568660113,0.008071095
9/21/18,261.8433228,5.56774632,-0.000913793
9/24/18,260.9735413,5.564419028,-0.003327292
9/25/18,260.7313843,5.563490698,-0.000928329
9/26/18,259.9512024,5.56049393,-0.002996768
9/27/18,260.6776428,5.563284559,0.002790629
9/28/18,260.7044678,5.563387458,0.000102899
10/1/18,261.6101379,5.566855372,0.003467914
10/2/18,261.4577637,5.566272755,-0.000582618
10/3/18,261.6012573,5.566821426,0.000548671
10/4/18,259.5566711,5.558975065,-0.007846361
10/5/18,258.1039124,5.553362265,-0.0056128
10/8/18,258.1039124,5.553362265,0
10/9/18,257.7272339,5.551901793,-0.001460472
10/10/18,249.5667267,5.519726321,-0.032175472
10/11/18,244.0696564,5.497453661,-0.02227266
10/12/18,247.4593658,5.51124639,0.013792729
10/15/18,246.069458,5.505613846,-0.005632544
10/16/18,251.4499664,5.527244029,0.021630183
10/17/18,251.4947815,5.52742224,0.000178211
10/18/18,247.8628998,5.51287577,-0.01454647
10/19/18,247.7283783,5.512332897,-0.000542873
10/22/18,246.6165009,5.507834502,-0.004498395
10/23/18,245.3609467,5.502730378,-0.005104124
10/24/18,237.9269562,5.47196372,-0.030766658
10/25/18,242.1954346,5.489744981,0.017781261
10/26/18,237.9358826,5.472001236,-0.017743745
10/29/18,236.6175995,5.466445334,-0.005555903
10/30/18,240.1239624,5.4811553,0.014709966
10/31/18,242.6887512,5.491779763,0.010624463
11/1/18,245.2713776,5.502365261,0.010585498
11/2/18,243.8185577,5.496424333,-0.005940928
11/5/18,245.163681,5.501926073,0.00550174
11/6/18,246.7151031,5.508234242,0.006308169
11/7/18,251.9970093,5.529417219,0.021182977
11/8/18,251.5397339,5.527600965,-0.001816255
11/9/18,249.0825195,5.517784245,-0.009816719
11/12/18,244.4283905,5.498922385,-0.018861861
11/13/18,243.9710083,5.4970494,-0.001872985
11/14/18,242.3030853,5.490189361,-0.006860039
11/15/18,244.8318939,5.500571828,0.010382467
11/16/18,245.4685822,5.503168964,0.002597136
11/19/18,241.3166199,5.486109847,-0.017059117
11/20/18,236.8508301,5.467430534,-0.018679313
11/21/18,237.6578217,5.470831915,0.003401381
11/23/18,236.0706177,5.464130988,-0.006700927
11/26/18,239.8818665,5.480146579,0.016015591
11/27/18,240.688858,5.483505054,0.003358475
11/28/18,246.2308197,5.506269387,0.022764334
11/29/18,245.6927795,5.504081892,-0.002187496
11/30/18,247.1904602,5.510159133,0.006077242
12/3/18,250.4635468,5.523313388,0.013154255
12/4/18,242.3479156,5.490374362,-0.032939026
12/6/18,241.9802704,5.488856196,-0.001518166
12/7/18,236.3575745,5.465345804,-0.023510391
12/10/18,236.8059692,5.467241111,0.001895306
12/11/18,236.859787,5.46746835,0.000227239
12/12/18,238.0524597,5.472491068,0.005022718
12/13/18,237.9717255,5.472151866,-0.000339202
12/14/18,233.5776978,5.453514774,-0.018637092
12/17/18,228.9951935,5.433701014,-0.01981376
12/18/18,228.7441406,5.432604089,-0.001096925
12/19/18,225.318512,5.41751501,-0.015089079
12/20/18,221.6508331,5.40110332,-0.01641169
12/21/18,217.1092682,5.380400767,-0.020702553
12/24/18,211.3726044,5.353622474,-0.026778293
12/26/18,222.0522156,5.40291256,0.049290086
12/27/18,223.7569427,5.410560386,0.007647826
12/28/18,223.4683228,5.409269671,-0.001290714
12/31/18,225.4255981,5.417990163,0.008720491
1/2/19,225.6601868,5.419030269,0.001040107
1/3/19,220.2753448,5.394878331,-0.024151938
1/4/19,227.6535492,5.427824952,0.032946621
1/7/19,229.4485474,5.43567881,0.007853858
1/8/19,231.6042938,5.445030285,0.009351475
1/9/19,232.6866913,5.449692876,0.004662591
1/10/19,233.5075226,5.453214293,0.003521417
1/11/19,233.5977173,5.453600479,0.000386186
1/14/19,232.1725311,5.447480764,-0.006119715
1/15/19,234.8334198,5.458876411,0.011395647
1/16/19,235.4016266,5.461293105,0.002416694
1/17/19,237.1876526,5.468851611,0.007558506
1/18/19,240.3445892,5.482073682,0.013222071
1/22/19,237.0973969,5.468471014,-0.013602668
1/23/19,237.5935059,5.470561255,0.002090241
1/24/19,237.7197876,5.471092617,0.000531362
1/25/19,239.7312622,5.479518555,0.008425938
1/28/19,237.9092255,5.471889195,-0.00762936
1/29/19,237.5935059,5.470561255,-0.00132794
1/30/19,241.3548279,5.486268166,0.015706911
1/31/19,243.4745331,5.49501235,0.008744185
2/1/19,243.5917511,5.495493673,0.000481323
2/4/19,245.305542,5.502504544,0.007010871
2/5/19,246.3337402,5.506687284,0.00418274
2/6/19,246.0090942,5.505368504,-0.00131878
2/7/19,243.6639404,5.495789983,-0.009578521
2/8/19,243.9615631,5.497010685,0.001220702
2/11/19,244.0969238,5.497565375,0.000554691
2/12/19,247.2357635,5.51034239,0.012777014
2/13/19,248.0385895,5.513584337,0.003241947
2/14/19,247.4884491,5.511363911,-0.002220426
2/15/19,250.1852875,5.522201793,0.010837883
2/19/19,250.6182861,5.523931009,0.001729216
2/20/19,251.1233521,5.525944261,0.002013252
2/21/19,250.230423,5.522382185,-0.003562076
2/22/19,251.7818451,5.528563019,0.006180833
2/25/19,252.1245728,5.529923302,0.001360283
2/26/19,251.9442139,5.529207689,-0.000715612
2/27/19,251.835968,5.528777955,-0.000429734
2/28/19,251.3669281,5.526913737,-0.001864218
3/1/19,252.9364471,5.53313826,0.006224524
3/4/19,252.0163116,5.529493814,-0.003644446
3/5/19,251.6735687,5.528132886,-0.001360929
3/6/19,250.1492157,5.522057603,-0.006075283
3/7/19,248.0566406,5.51365711,-0.008400493
3/8/19,247.5605316,5.511655124,-0.002001985
3/11/19,251.1504211,5.526052047,0.014396923
3/12/19,252.0975037,5.529815932,0.003763885
3/13/19,253.7661896,5.53641333,0.006597398
3/14/19,253.6039276,5.53577371,-0.00063962
3/15/19,254.856781,5.540701744,0.004928034
3/18/19,255.7809448,5.544321394,0.00361965
3/19/19,255.8442688,5.544568934,0.00024754
3/20/19,255.0742493,5.541554676,-0.003014258
3/21/19,257.9552002,5.552785927,0.011231251
3/22/19,252.9904785,5.533351854,-0.019434073
3/25/19,252.8002625,5.5325997,-0.000752153
3/26/19,254.6846619,5.54002616,0.007426459
3/27/19,253.352951,5.53478358,-0.00524258
3/28/19,254.3132629,5.538566826,0.003783246
3/29/19,255.916748,5.544852189,0.006285363
4/1/19,258.9517517,5.556641758,0.011789569
4/2/19,259.0786133,5.557131542,0.000489784
4/3/19,259.4862976,5.558703898,0.001572356
4/4/19,260.1748047,5.561353731,0.002649833
4/5/19,261.4341431,5.566182409,0.004828678
4/8/19,261.6334534,5.566944491,0.000762082
4/9/19,260.2926025,5.561806393,-0.005138099
4/10/19,261.1805115,5.565211783,0.00340539
4/11/19,261.1079407,5.564933888,-0.000277895
4/12/19,262.8746033,5.571677125,0.006743237
4/15/19,262.7024841,5.571022153,-0.000654972
4/16/19,262.8746033,5.571677125,0.000654972
4/17/19,262.2314453,5.569227493,-0.002449632
4/18/19,262.7477417,5.571194415,0.001966922
4/22/19,262.9742737,5.572056209,0.000861794
4/23/19,265.3387451,5.581007293,0.008951084
4/24/19,264.7499084,5.578785639,-0.002221654
4/25/19,264.5868835,5.57816968,-0.000615959
4/26/19,265.8190308,5.582815742,0.004646062
4/29/19,266.2357178,5.584382073,0.001566332
4/30/19,266.3716125,5.584892373,0.0005103
5/1/19,264.3694763,5.577347656,-0.007544717
5/2/19,263.7986145,5.575185988,-0.002161668
5/3/19,266.3807068,5.584926514,0.009740526
5/6/19,265.2844849,5.580802778,-0.004123736
5/7/19,260.854248,5.563961815,-0.016840963
5/8/19,260.4919128,5.562571816,-0.001389999
5/9/19,259.7037048,5.559541384,-0.003030432
5/10/19,261.0083618,5.564552444,0.00501106
5/13/19,254.4491425,5.539100983,-0.025451462
5/14/19,256.7503052,5.548104037,0.009003055
5/15/19,258.2541199,5.553944061,0.005840023
5/16/19,260.6459045,5.563162799,0.009218738
5/17/19,258.9607849,5.556676641,-0.006486158
5/20/19,257.2486267,5.550043036,-0.006633604
5/21/19,259.5678711,5.559018214,0.008975178
5/22/19,258.7705994,5.555941952,-0.003076262
5/23/19,255.6088104,5.543648191,-0.012293761
5/24/19,256.1885681,5.545913768,0.002265576
5/28/19,253.8059235,5.536569894,-0.009343873
5/29/19,252.1025848,5.529836087,-0.006733807
5/30/19,252.7911987,5.532563847,0.002727759
5/31/19,249.3847656,5.518996947,-0.013566899
6/3/19,248.7505951,5.516450768,-0.002546179
6/4/19,254.1500854,5.53792498,0.021474212
6/5/19,256.3516541,5.546550151,0.00862517
6/6/19,258.0186462,5.553031855,0.006481704
6/7/19,260.6006165,5.56298903,0.009957176
6/10/19,261.7965088,5.567567518,0.004578488
6/11/19,261.7329712,5.56732479,-0.000242728
6/12/19,261.2711182,5.565558635,-0.001766155
6/13/19,262.3491211,5.56967614,0.004117505
6/14/19,262.0592346,5.568570565,-0.001105575
6/17/19,262.158905,5.568950828,0.000380263
6/18/19,264.9039001,5.579367119,0.010416292
6/19/19,265.5019531,5.581622197,0.002255078
6/20/19,268.0385742,5.591130904,0.009508707
6/21/19,267.6489563,5.589676257,-0.001454646
6/24/19,267.3211975,5.588450922,-0.001225335
6/25/19,264.6993713,5.578594734,-0.009856188
6/26/19,264.4353333,5.577596735,-0.000998
6/27/19,265.3730164,5.581136445,0.00353971
6/28/19,266.7385254,5.586268873,0.005132428
7/1/19,269.1601868,5.595306692,0.009037819
7/2/19,269.8611145,5.597907436,0.002600744
7/3/19,272.0186462,5.605870616,0.00796318
7/5/19,271.709198,5.604732369,-0.001138247
7/8/19,270.2161255,5.599222104,-0.005510266
7/9/19,270.553009,5.600468046,0.001245942
7/10/19,271.8457642,5.605234862,0.004766816
7/11/19,272.4830017,5.607576233,0.002341371
7/12/19,273.7029114,5.612043253,0.00446702
7/15/19,273.7938538,5.612375465,0.000332212
7/16/19,272.9107971,5.609144991,-0.003230473
7/17/19,271.0537415,5.602317109,-0.006827882
7/18/19,272.0459595,5.605971021,0.003653912
7/19/19,270.53479,5.600400704,-0.005570317
7/22/19,271.1994019,5.602854351,0.002453647
7/23/19,273.1384888,5.609978951,0.007124601
7/24/19,274.4219666,5.614666946,0.004687994
7/25/19,273.1111755,5.609878949,-0.004787997
7/26/19,274.9410095,5.616556564,0.006677615
7/29/19,274.4403076,5.614733779,-0.001822785
7/30/19,273.7666626,5.612276147,-0.002457631
7/31/19,270.7714233,5.601275009,-0.011001139
8/1/19,268.4137573,5.592529661,-0.008745348
8/2/19,266.3926392,5.584971308,-0.007558353
8/5/19,258.3813477,5.554436585,-0.030534722
8/6/19,262.0047302,5.568362558,0.013925973
8/7/19,262.1594543,5.568952923,0.000590365
8/8/19,267.302948,5.588382652,0.019429729
8/9/19,265.4822998,5.581548171,-0.006834481
8/12/19,262.2504578,5.569299993,-0.012248178
8/13/19,266.3288574,5.584731851,0.015431858
8/14/19,258.4542236,5.554718594,-0.030013258
8/15/19,259.1370239,5.557356972,0.002638378
8/16/19,262.9604797,5.572003754,0.014646782
8/19/19,266.1285706,5.58397954,0.011975786
8/20/19,264.089386,5.576287629,-0.007691911
8/21/19,266.237915,5.584390326,0.008102697
8/22/19,266.1558838,5.584082166,-0.00030816
8/23/19,259.3190918,5.558059318,-0.026022848
8/26/19,262.186676,5.569056754,0.010997436
8/27/19,261.15802,5.565125665,-0.003931089
8/28/19,262.9969482,5.572142428,0.007016764
8/29/19,266.3562317,5.58483463,0.012692201
8/30/19,266.237915,5.584390326,-0.000444303
9/3/19,264.6811218,5.578525788,-0.005864539
9/4/19,267.6853638,5.589812275,0.011286487
9/5/19,271.1266479,5.602586047,0.012773772
9/6/19,271.335907,5.603357562,0.000771515
9/9/19,271.4724731,5.603860746,0.000503184
9/10/19,271.408783,5.603626109,-0.000234638
9/11/19,273.3388062,5.610712074,0.007085965
9/12/19,274.285553,5.614169728,0.003457654
9/13/19,274.1034241,5.613505495,-0.000664233
9/16/19,273.256897,5.610412367,-0.003093128
9/17/19,273.9486389,5.61294064,0.002528272
9/18/19,274.1125183,5.613538673,0.000598033
9/19/19,274.0943298,5.613472317,-6.64E-05
9/20/19,272.7993469,5.608736532,-0.004735785
9/23/19,272.7352905,5.608501693,-0.000234839
9/24/19,270.5951538,5.600623807,-0.007877887
9/25/19,272.1957703,5.606521551,0.005897745
9/26/19,271.6286926,5.604436033,-0.002085518
9/27/19,270.1653748,5.599034271,-0.005401762
9/30/19,271.4183044,5.60366119,0.004626919
10/1/19,268.1898804,5.591695238,-0.011965951
10/2/19,263.4523315,5.573872447,-0.017822792
10/3/19,265.6108398,5.582032229,0.008159783
10/4/19,269.2051392,5.595473688,0.013441459
10/7/19,268.0435181,5.591149348,-0.00432434
10/8/19,263.8822327,5.575502915,-0.015646433
10/9/19,266.3881226,5.584954353,0.009451437
10/10/19,268.1898804,5.591695238,0.006740886
10/11/19,270.9701538,5.602008681,0.010313443
10/14/19,270.6682739,5.60089399,-0.001114692
10/15/19,273.348053,5.610745903,0.009851913
10/16/19,272.9090576,5.609138617,-0.001607285
10/17/19,273.7138672,5.61208328,0.002944663
10/18/19,272.5158081,5.607696624,-0.004386657
10/21/19,274.3633118,5.614453183,0.00675656
10/22/19,273.4669495,5.611180772,-0.003272412
10/23/19,274.2626953,5.614086389,0.002905617
10/24/19,274.7108459,5.615719075,0.001632686
10/25/19,275.8356934,5.619805375,0.004086299
10/28/19,277.3905334,5.625426381,0.005621007
10/29/19,277.3081665,5.625129402,-0.000296979
10/30/19,278.158783,5.628192112,0.00306271
10/31/19,277.4179077,5.625525061,-0.002667051
11/1/19,279.9878845,5.634746333,0.009221271
11/4/19,281.112793,5.638755987,0.004009655
11/5/19,280.8018494,5.637649258,-0.001106729
11/6/19,280.8658447,5.637877134,0.000227876
11/7/19,281.8536377,5.641387921,0.003510787
11/8/19,282.5487366,5.643851055,0.002463134
11/11/19,282.0091248,5.641939428,-0.001911627
11/12/19,282.6035767,5.644045126,0.002105699
11/13/19,282.6950378,5.644368712,0.000323585
11/14/19,283.1065369,5.645823282,0.00145457
11/15/19,285.1551514,5.653033423,0.007210141
11/18/19,285.3655701,5.65377106,0.000737637
11/19/19,285.2833252,5.65348281,-0.00028825
11/20/19,284.2223206,5.649756751,-0.003726059
11/21/19,283.7651062,5.648146805,-0.001609946
11/22/19,284.3961182,5.650368049,0.002221244
11/25/19,286.6001892,5.658088176,0.007720127
11/26/19,287.2495728,5.660351429,0.002263254
11/27/19,288.5299988,5.664799062,0.004447633
11/29/19,287.4599609,5.661083584,-0.003715478
12/2/19,285.0180664,5.652552569,-0.008531015
12/3/19,283.1065369,5.645823282,-0.006729287
12/4/19,284.8534241,5.651974746,0.006151464
12/5/19,285.3655701,5.65377106,0.001796314
12/6/19,287.9721375,5.66286373,0.00909267
12/9/19,287.0667114,5.659714633,-0.003149098
12/10/19,286.7466125,5.658598943,-0.00111569
12/11/19,287.5605774,5.661433542,0.002834599
12/12/19,290.039032,5.670015507,0.008581965
12/13/19,290.2128906,5.670614759,0.000599252
12/16/19,292.2065735,5.677460996,0.006846236
12/17/19,292.2706604,5.677680292,0.000219297
12/18/19,292.2889709,5.677742939,6.26E-05
12/19/19,293.4869995,5.681833344,0.004090404
12/20/19,294.7737427,5.686208088,0.004374744
12/23/19,295.223999,5.687734387,0.001526299
12/24/19,295.2332153,5.687765604,3.12E-05
12/26/19,296.8048401,5.693074819,0.005309214
12/27/19,296.7313232,5.692827094,-0.000247725
12/30/19,295.0952454,5.68729817,-0.005528924
12/31/19,295.8123474,5.689725292,0.002427122
1/2/20,298.5786743,5.699033464,0.009308172
1/3/20,296.3177185,5.691432252,-0.007601212
1/6/20,297.4482117,5.695240131,0.003807879
1/7/20,296.6119385,5.69242468,-0.002815451
1/8/20,298.192688,5.697739882,0.005315202
1/9/20,300.2146301,5.704497653,0.006757771
1/10/20,299.350647,5.701615619,-0.002882034
1/13/20,301.4094543,5.708469654,0.006854035
1/14/20,300.9498901,5.706943773,-0.001525881
1/15/20,301.6299744,5.709201016,0.002257243
1/16/20,304.1390381,5.717484959,0.008283943
1/17/20,305.0856628,5.720592599,0.00310764
1/21/20,304.4882202,5.718632401,-0.001960198
1/22/20,304.5249939,5.718753166,0.000120765
1/23/20,304.8742676,5.719899454,0.001146289
1/24/20,302.1631165,5.710966992,-0.008932462
1/27/20,297.3195496,5.694807485,-0.016159507
1/28/20,300.4351501,5.705231924,0.010424439
1/29/20,300.1869812,5.704405551,-0.000826373
1/30/20,301.1612854,5.707645953,0.003240402
1/31/20,295.6928101,5.689321112,-0.018324842
2/3/20,297.8893433,5.696722086,0.007400975
2/4/20,302.4295349,5.711848308,0.015126222
2/5/20,305.9220581,5.723330357,0.01148205
2/6/20,306.9513855,5.726689382,0.003359024
2/7/20,305.3154602,5.721345538,-0.005343844
2/10/20,307.5947571,5.728783193,0.007437655
2/11/20,308.1278381,5.730514756,0.001731563
2/12/20,310.1129761,5.73693667,0.006421914
2/13/20,309.782135,5.73586926,-0.00106741
2/14/20,310.2784119,5.737469997,0.001600737
2/18/20,309.4788513,5.734889758,-0.002580239
2/19/20,310.9584961,5.73965945,0.004769692
2/20/20,309.6810913,5.73554303,-0.00411642
2/21/20,306.4918518,5.72519117,-0.01035186
2/24/20,296.3268738,5.691463148,-0.033728022
2/25/20,287.3476868,5.660692935,-0.030770214
2/26/20,286.2906799,5.657007658,-0.003685277
2/27/20,273.4327698,5.611055777,-0.045951881
2/28/20,272.2840576,5.606845851,-0.004209926
3/2/20,284.0757751,5.649241016,0.042395166
3/3/20,275.941925,5.620190427,-0.029050589
3/4/20,287.5405884,5.661364027,0.0411736
3/5/20,277.9822693,5.627557332,-0.033806695
3/6/20,273.3868713,5.610887903,-0.016669429
3/9/20,252.0368805,5.529575428,-0.081312475
3/10/20,265.0785828,5.580026321,0.050450893
3/11/20,252.1563873,5.53004948,-0.049976841
3/12/20,228.0307617,5.42948054,-0.10056894
3/13/20,247.5242615,5.511508603,0.082028064
3/16/20,220.4392242,5.39562203,-0.115886573
3/17/20,232.3411865,5.448206923,0.052584893
3/18/20,220.5770569,5.396247098,-0.051959825
3/19/20,221.0457916,5.398369882,0.002122784
3/20/20,211.5200195,5.354319649,-0.044050233
3/23/20,206.1118317,5.328418894,-0.025900755
3/24/20,224.7862091,5.415149769,0.086730875
3/25/20,228.1512604,5.430008832,0.014859063
3/26/20,241.4730072,5.486757695,0.056748864
3/27/20,234.2806244,5.456519646,-0.030238049
3/30/20,241.8889923,5.488478911,0.031959265
3/31/20,238.2835846,5.473461496,-0.015017415
4/1/20,227.5596771,5.427412521,-0.046048975
4/2/20,232.8106537,5.450225478,0.022812957
4/3/20,229.4456024,5.435665975,-0.014559503
4/6/20,244.8565979,5.500672724,0.06500675
4/7/20,245.1062317,5.501691715,0.001018991
4/8/20,253.3341064,5.534709196,0.033017481
4/9/20,257.1890869,5.549811561,0.015102365
4/13/20,254.8409576,5.540639655,-0.009171906
4/14/20,262.3569641,5.569706035,0.02906638
4/15/20,256.7823486,5.548228834,-0.021477201
4/16/20,258.0211182,5.553041435,0.004812601
4/17/20,264.9916992,5.579698502,0.026657067
4/20/20,260.3230591,5.561923395,-0.017775107
4/21/20,252.4187775,5.531089524,-0.030833871
4/22/20,258.0211182,5.553041435,0.021951911
4/23/20,258.002655,5.552969876,-7.16E-05
4/24/20,261.5988159,5.566812093,0.013842218
4/27/20,265.3707275,5.58112782,0.014315727
4/28/20,264.1504517,5.576518833,-0.004608987
4/29/20,271.0654907,5.602360455,0.025841621
4/30/20,268.5417175,5.593006274,-0.00935418
5/1/20,261.4324036,5.566175755,-0.026830519
5/4/20,262.1535339,5.56893034,0.002754584
5/5/20,264.575592,5.578127003,0.009196663
5/6/20,262.7822266,5.571325653,-0.006801349
5/7/20,265.953064,5.583319842,0.011994189
5/8/20,270.3536377,5.599730871,0.016411029
5/11/20,270.4091492,5.599936179,0.000205308
5/12/20,265.0193481,5.579802835,-0.020133344
5/13/20,260.3323059,5.561958915,-0.017843921
5/14/20,263.4477844,5.573855187,0.011896272
5/15/20,264.658905,5.578441846,0.004586659
5/18/20,272.7202759,5.608446639,0.030004793
5/19/20,269.9190979,5.598122277,-0.010324363
5/20/20,274.5045166,5.614967715,0.016845438
5/21/20,272.609375,5.60803991,-0.006927805
5/22/20,273.1270447,5.609937052,0.001897142
5/26/20,276.4921265,5.622182345,0.012245293
5/27/20,280.6060791,5.636951832,0.014769487
5/28/20,280.0884094,5.635105301,-0.001846531
5/29/20,281.3364563,5.639551306,0.004446005
6/1/20,282.4735107,5.643584779,0.004033472
6/2/20,284.812439,5.651830855,0.008246076
6/3/20,288.6028442,5.665051502,0.013220647
6/4/20,287.8447266,5.662421191,-0.002630311
6/5/20,295.2221069,5.687727978,0.025306787
6/8/20,298.7905273,5.69974275,0.012014773
6/9/20,296.5625,5.692257989,-0.007484762
6/10/20,294.9077454,5.68666258,-0.005595409
6/11/20,277.9066162,5.627285144,-0.059377435
6/12/20,281.2346802,5.639189482,0.011904337
6/15/20,283.8601685,5.648481752,0.009292271
6/16/20,289.3238525,5.667546658,0.019064905
6/17/20,288.1221008,5.663384352,-0.004162306
6/18/20,288.2329712,5.663769081,0.000384729
6/19/20,286.5858459,5.658038128,-0.005730953
6/22/20,288.4242859,5.664432611,0.006394483
6/23/20,289.7521057,5.66902575,0.004593139
6/24/20,282.3609009,5.643186043,-0.025839706
6/25/20,285.3879089,5.653849339,0.010663296
6/26/20,278.6095581,5.629811368,-0.02403797
6/29/20,282.7044373,5.644401961,0.014590592
6/30/20,286.3257751,5.657130237,0.012728276
7/1/20,288.3314514,5.664110691,0.006980455
7/2/20,289.9191895,5.669602227,0.005491536
7/6/20,294.3948059,5.684921744,0.015319517
7/7/20,291.3585205,5.674554538,-0.010367206
7/8/20,293.5869446,5.682173829,0.007619291
7/9/20,291.9156494,5.676464889,-0.00570894
7/10/20,294.8961792,5.686623359,0.010158471
7/13/20,292.3427429,5.677926891,-0.008696468
7/14/20,296.1311951,5.690802583,0.012875692
7/15/20,298.8518066,5.699947821,0.009145238
7/16/20,297.8675537,5.696648937,-0.003298883
7/17/20,298.7311096,5.69954387,0.002894933
7/20/20,301.1452942,5.707592853,0.008048983
7/21/20,301.7860718,5.709718395,0.002125542
7/22/20,303.5038147,5.715394179,0.005675785
7/23/20,299.8824768,5.703390654,-0.012003526
7/24/20,297.9511719,5.69692962,-0.006461034
7/27/20,300.1239624,5.704195597,0.007265977
7/28/20,298.220459,5.697833008,-0.006362589
7/29/20,301.8881531,5.710056595,0.012223586
7/30/20,300.8110352,5.706482277,-0.003574317
7/31/20,303.1881714,5.71435364,0.007871363
8/3/20,305.2959595,5.721281665,0.006928025
8/4/20,306.4751587,5.725136704,0.003855039
8/5/20,308.3786926,5.731328549,0.006191845
8/6/20,310.4401245,5.737991047,0.006662498
8/7/20,310.6629639,5.738708607,0.00071756
8/10/20,311.5914001,5.741692715,0.002984108
8/11/20,309.0192871,5.733403693,-0.008289022
8/12/20,313.3278198,5.74724999,0.013846297
8/13/20,312.7613525,5.745440448,-0.001809542
8/14/20,312.7706604,5.745470208,2.98E-05
8/17/20,313.7642212,5.748641816,0.003171608
8/18/20,314.4420776,5.750799886,0.00215807
8/19/20,313.132782,5.746627324,-0.004172562
8/20/20,314.1077881,5.749736201,0.003108877
8/21/20,315.2221069,5.753277492,0.003541291
8/24/20,318.4163208,5.763359711,0.01008222
8/25/20,319.5305176,5.766852786,0.003493074
8/26/20,322.7340393,5.776828576,0.00997579
8/27/20,323.4396362,5.779012501,0.002183924
8/28/20,325.5288696,5.785451151,0.00643865
8/31/20,324.3496399,5.781822069,-0.003629081
9/1/20,327.4046326,5.791196814,0.009374745
9/2/20,332.1401367,5.805556978,0.014360164
9/3/20,320.7098083,5.77053669,-0.035020288
9/4/20,318.091217,5.762338188,-0.008198503
9/8/20,309.400116,5.734635313,-0.027702875
9/9/20,315.5099487,5.754190215,0.019554902
9/10/20,310.0315552,5.736674083,-0.017516132
9/11/20,310.1893921,5.737183053,0.00050897
9/14/20,314.2749023,5.750268088,0.013085035
9/15/20,315.8628235,5.755308016,0.005039928
9/16/20,314.6091919,5.751331208,-0.003976809
9/17/20,311.8421326,5.742497074,-0.008834134
9/18/20,308.2519531,5.730917478,-0.011579596
9/21/20,304.8213196,5.719725767,-0.011191711
9/22/20,307.9256592,5.729858388,0.01013262
9/23/20,300.7845459,5.706394214,-0.023464173
9/24/20,301.5863953,5.709056527,0.002662312
9/25/20,306.4620667,5.725093985,0.016037458
9/28/20,311.5522766,5.741567146,0.016473162
9/29/20,309.8554993,5.736106057,-0.005461089
9/30/20,312.2048035,5.743659394,0.007553336
10/1/20,314.209137,5.750058805,0.006399412
10/2/20,311.2259216,5.740519085,-0.009539721
10/5/20,316.744873,5.758096633,0.017577548
10/6/20,312.2421265,5.743778933,-0.0143177
10/7/20,317.677124,5.761035534,0.017256601
10/8/20,320.4926453,5.769859328,0.008823795
10/9/20,323.3546753,5.778749787,0.008890458
10/12/20,328.5567017,5.794709431,0.015959644
10/13/20,326.4124146,5.788161657,-0.006547774
10/14/20,324.3615112,5.781858669,-0.006302988
10/15/20,323.9606018,5.780621909,-0.00123676
10/16/20,323.7648315,5.780017424,-0.000604485
10/19/20,318.8425293,5.764697342,-0.015320081
10/20/20,320.119751,5.768695148,0.003997805
10/21/20,319.5137329,5.766800255,-0.001894892
10/22/20,321.2663269,5.772270458,0.005470203
10/23/20,322.3571167,5.775659989,0.003389531
10/26/20,316.3999634,5.75700712,-0.018652869
10/27/20,315.3092651,5.753553951,-0.003453169
10/28/20,304.5323181,5.718777217,-0.034776735
10/29/20,307.6274414,5.728889445,0.010112228
10/30/20,304.4204712,5.718409875,-0.01047957
11/2/20,307.8325806,5.729556066,0.011146191
11/3/20,313.2675781,5.747057708,0.017501642
11/4/20,320.2688599,5.76916083,0.022103123
11/5/20,326.5150146,5.788475934,0.019315104
11/6/20,326.4403687,5.788247294,-0.00022864
11/9/20,330.5423584,5.800734816,0.012487522
11/10/20,330.0576477,5.799267329,-0.001467486
11/11/20,332.5093384,5.806667945,0.007400616
11/12/20,329.2837524,5.796919848,-0.009748097
11/13/20,333.8425903,5.810669595,0.013749747
11/16/20,338.0097656,5.823074787,0.012405192
11/17/20,336.1918335,5.81768193,-0.005392857
11/18/20,332.145874,5.805574252,-0.012107678
11/19/20,333.5441284,5.809775176,0.004200924
11/20/20,331.2602844,5.802904424,-0.006870752
11/23/20,333.2459106,5.808880688,0.005976264
11/24/20,338.6157532,5.824865993,0.015985305
11/25/20,338.093689,5.823323043,-0.00154295
11/27/20,339.0353088,5.826104258,0.002781214
11/30/20,337.5343628,5.821667321,-0.004436937
12/1/20,341.2260742,5.832545232,0.010877911
12/2/20,341.9440002,5.834646982,0.00210175
12/3/20,341.850708,5.834374115,-0.000272866
12/4/20,344.7966309,5.842954767,0.008580652
12/7/20,344.0881348,5.84089783,-0.002056937
12/8/20,345.0950317,5.843819833,0.002922003
12/9/20,341.9998474,5.834810291,-0.009009543
12/10/20,341.888031,5.834483289,-0.000327002
12/11/20,341.4871521,5.833310056,-0.001173232
12/14/20,339.9581604,5.828822552,-0.004487504
12/15/20,344.5542297,5.842251494,0.013428941
12/16/20,345.0950317,5.843819833,0.00156834
12/17/20,347.0247498,5.849396102,0.005576269
12/18/20,345.6390991,5.845395165,-0.004000938
12/21/20,344.4033203,5.841813413,-0.003581751
12/22/20,343.8227844,5.840126363,-0.00168705
12/23/20,344.1317749,5.841024651,0.000898288
12/24/20,345.4705505,5.844907402,0.003882752
12/28/20,348.4384766,5.853461677,0.008554274
12/29/20,347.7737122,5.851552016,-0.001909661
12/30/20,348.269928,5.852977834,0.001425818
12/31/20,350.0394897,5.858045976,0.005068142
1/4/21,345.2739868,5.844338267,-0.013707709
1/5/21,347.6520386,5.85120209,0.006863824
1/6/21,349.7304688,5.857162769,0.005960678
1/7/21,354.9265442,5.87191085,0.014748082
1/8/21,356.9487915,5.87759233,0.00568148
1/11/21,354.5426941,5.870828773,-0.006763557
1/12/21,354.6176758,5.871040239,0.000211466
1/13/21,355.5725708,5.873729366,0.002689126
1/14/21,354.3274231,5.87022141,-0.003507956
1/15/21,351.7433777,5.862901869,-0.007319541
1/19/21,354.505249,5.870723153,0.007821284
1/20/21,359.4111633,5.884467035,0.013743882
1/21/21,359.7388306,5.885378298,0.000911263
1/22/21,358.4654846,5.881832378,-0.003545919
1/25/21,359.8792114,5.885768451,0.003936073
1/26/21,359.3175659,5.884206582,-0.001561869
1/27/21,350.5356445,5.859462398,-0.024744185
1/28/21,353.5502625,5.86802566,0.008563263
1/29/21,346.4724121,5.847803197,-0.020222464
2/1/21,352.2395935,5.864311607,0.016508411
2/2/21,357.2203064,5.878352696,0.014041089
2/3/21,357.5012207,5.879138777,0.00078608
2/4/21,361.5644836,5.890440404,0.011301627
2/5/21,362.9874878,5.894368365,0.003927961
2/8/21,365.6090393,5.901564564,0.007196199
2/9/21,365.3656006,5.900898498,-0.000666066
2/10/21,365.2063904,5.900462647,-0.000435851
2/11/21,365.7962341,5.902076441,0.001613794
2/12/21,367.6032104,5.907004124,0.004927683
2/16/21,367.2848511,5.906137708,-0.000866416
2/17/21,367.3690796,5.906367009,0.000229301
2/18/21,365.8055725,5.90210197,-0.00426504
2/19/21,365.1596069,5.900334537,-0.001767432
2/22/21,362.3509216,5.892613139,-0.007721398
2/23/21,362.7909241,5.893826702,0.001213563
2/24/21,366.7885742,5.90478559,0.010958888
2/25/21,357.9506226,5.880395051,-0.024390539
2/26/21,356.1061707,5.875228919,-0.005166133
3/1/21,364.7383118,5.899180142,0.023951224
3/2/21,361.8921204,5.891346157,-0.007833985
3/3/21,357.0986023,5.878011941,-0.013334217
3/4/21,352.6795959,5.865559985,-0.012451956
3/5/21,359.1676941,5.883789394,0.018229409
3/8/21,357.3795166,5.878798289,-0.004991105
3/9/21,362.4819641,5.892974719,0.01417643
3/10/21,364.7383118,5.899180142,0.006205424
3/11/21,368.4364319,5.909268192,0.010088049
3/12/21,368.9326477,5.910614101,0.001345909
3/15/21,371.132782,5.916559901,0.005945801
3/16/21,370.6647034,5.915297889,-0.001262012
3/17/21,371.9285889,5.91870187,0.003403981
3/18/21,366.5171509,5.904045317,-0.014656554
3/19/21,365.8389282,5.90219315,-0.001852167
3/22/21,368.7601624,5.910146466,0.007953316
3/23/21,365.8577576,5.902244617,-0.007901849
3/24/21,363.9979858,5.897148334,-0.005096283
3/25/21,366.0456543,5.902758064,0.00560973
3/26/21,371.944397,5.918744373,0.015986308
3/29/21,371.7565613,5.918239235,-0.000505138
3/30/21,370.7703552,5.915582882,-0.002656353
3/31/21,372.2731323,5.919627812,0.004044929
4/1/21,376.2933655,5.930369067,0.010741255
4/5/21,381.6943359,5.944620121,0.014251054
4/6/21,381.4689026,5.944029334,-0.000590787
4/7/21,381.9104004,5.945186027,0.001156693
4/8/21,383.7233276,5.949921792,0.004735765
4/9/21,386.5130005,5.957165504,0.007243712
4/12/21,386.6539001,5.957529978,0.000364474
4/13/21,387.7998352,5.960489318,0.00295934
4/14/21,386.4754028,5.957068225,-0.003421093
4/15/21,390.6271362,5.967753489,0.010685264
4/16/21,391.9327393,5.971090242,0.003336752
4/19/21,390.0071411,5.96616505,-0.004925192
4/20/21,387.1516418,5.958816456,-0.007348594
4/21/21,390.8149414,5.968234152,0.009417697
4/22/21,387.245636,5.95905921,-0.009174942
4/23/21,391.4443054,5.969843246,0.010784036
4/26/21,392.2614746,5.971928644,0.002085399
4/27/21,392.1769714,5.971713196,-0.000215449
4/28/21,392.0643005,5.971425858,-0.000287337
4/29/21,394.5627747,5.977778252,0.006352394
4/30/21,391.9702759,5.97118601,-0.006592242
5/3/21,392.8157349,5.973340634,0.002154624
5/4/21,390.392334,5.967152218,-0.006188416
5/5/21,390.5144043,5.967464855,0.000312637
5/6/21,393.6329346,5.975418837,0.007953982
5/7/21,396.4977112,5.982670269,0.007251432
5/10/21,392.5714722,5.972718615,-0.009951653
5/11/21,389.0678711,5.963753804,-0.008964811
5/12/21,380.802002,5.94227956,-0.021474244
5/13/21,385.3764038,5.954220529,0.011940969
5/14/21,391.2940063,5.969459212,0.015238683
5/17/21,390.2983398,5.966911421,-0.002547791
5/18/21,386.9356995,5.958258528,-0.008652893
5/19/21,385.9212036,5.955633213,-0.002625315
5/20/21,390.0729675,5.966333818,0.010700605
5/21/21,389.7536316,5.965514826,-0.000818992
5/24/21,393.7268677,5.97565744,0.010142614
5/25/21,392.853302,5.973436265,-0.002221175
5/26/21,393.6329346,5.975418837,0.001982572
5/27/21,393.8394775,5.975943409,0.000524572
5/28/21,394.5440063,5.977730684,0.001787275
6/1/21,394.1965027,5.976849523,-0.000881161
6/2/21,394.8164063,5.978420863,0.00157134
6/3/21,393.3510742,5.974702532,-0.003718331
6/4/21,396.9486694,5.983806976,0.009104444
6/7/21,396.5635071,5.982836197,-0.000970779
6/8/21,396.6480408,5.98304934,0.000213143
6/9/21,396.0562744,5.981556308,-0.001493032
6/10/21,397.8972778,5.986193876,0.004637568
6/11/21,398.5548096,5.987845028,0.001651152
6/14/21,399.4471436,5.99008145,0.002236421
6/15/21,398.7145081,5.988245642,-0.001835808
6/16/21,396.4883118,5.982646562,-0.00559908
6/17/21,396.3568115,5.982314845,-0.000331717
6/18/21,391.0098572,5.96873277,-0.013582075
6/21/21,396.6075745,5.982947314,0.014214545
6/22/21,398.7279053,5.988279243,0.005331928
6/23/21,398.2473145,5.987073205,-0.001206037
6/24/21,400.6032104,5.992971437,0.005898232
6/25/21,402.0262146,5.996517297,0.00354586
6/28/21,402.8365784,5.998530967,0.00201367
6/29/21,403.0533752,5.999068998,0.000538031
6/30/21,403.3926392,5.999910378,0.00084138
7/1/21,405.6260376,6.005431645,0.005521267
7/2/21,408.7265015,6.013046232,0.007614586
7/6/21,407.9819336,6.011222893,-0.001823339
7/7/21,409.4237976,6.0147508,0.003527907
7/8/21,406.0878296,6.006569465,-0.008181334
7/9/21,410.42276,6.01718775,0.010618285
7/12/21,411.8928528,6.020763249,0.003575499
7/13/21,410.4887085,6.017348422,-0.003414828
7/14/21,411.1012268,6.018839478,0.001491056
7/15/21,409.6970825,6.015418064,-0.003421415
7/16/21,406.4836121,6.007543613,-0.00787445
7/19/21,400.4807434,5.992665684,-0.014877929
7/20/21,406.2197571,6.006894287,0.014228603
7/21/21,409.5086365,6.014957993,0.008063707
7/22/21,410.3662109,6.017049958,0.002091965
7/23/21,414.5880127,6.027285287,0.010235328
7/26/21,415.605835,6.029737299,0.002452012
7/27/21,413.7116699,6.025169282,-0.004568017
7/28/21,413.5419922,6.024759062,-0.000410219
7/29/21,415.2571106,6.028897872,0.00413881
7/30/21,413.240448,6.024029622,-0.00486825
8/2/21,412.3734436,6.021929355,-0.002100267
8/3/21,415.7282715,6.030031853,0.008102498
8/4/21,413.6834106,6.025100973,-0.004930881
8/5/21,416.3032227,6.031413895,0.006312923
8/6/21,416.9910889,6.033064852,0.001650957
8/9/21,416.651886,6.032251067,-0.000813785
8/10/21,417.1701965,6.033494284,0.001243216
8/11/21,418.2068176,6.035976089,0.002481805
8/12/21,419.460083,6.038968368,0.002992278
8/13/21,420.2234497,6.040786593,0.001818225
8/16/21,421.2129211,6.043138457,0.002351864
8/17/21,418.4518433,6.036561813,-0.006576643
8/18/21,413.8718262,6.025556327,-0.011005486
8/19/21,414.5126953,6.027103602,0.001547275
8/20/21,417.8109741,6.035029115,0.007925513
8/23/21,421.4862671,6.043787196,0.008758081
8/24/21,422.155304,6.045373265,0.001586069
8/25/21,423.0411377,6.047469427,0.002096161
8/26/21,420.5438232,6.041548691,-0.005920736
8/27/21,424.3039246,6.050450002,0.008901311
8/30/21,426.1698608,6.054838001,0.004388
8/31/21,425.5384827,6.053355385,-0.001482616
9/1/21,425.7646179,6.053886653,0.000531268
9/2/21,427.0744934,6.056958456,0.003071802
9/3/21,426.9707947,6.056715614,-0.000242841
9/7/21,425.4441833,6.05313376,-0.003581854
9/8/21,424.9259644,6.051914952,-0.001218808
9/9/21,423.1071167,6.047625378,-0.004289574
9/10/21,419.7710876,6.039709533,-0.007915845
9/13/21,420.8453979,6.04226554,0.002556007
9/14/21,418.5743408,6.036854511,-0.00541103
9/15/21,422.0704651,6.045172279,0.008317768
9/16/21,421.4013672,6.043585746,-0.001586533
9/17/21,417.2964478,6.033796875,-0.009788871
9/20/21,410.3384094,6.016982208,-0.016814667
9/21/21,409.9508667,6.016037315,-0.000944893
9/22/21,413.9497681,6.025744633,0.009707318
9/23/21,418.9793091,6.037821537,0.012076904
9/24/21,419.6694946,6.039467484,0.001645947
9/27/21,418.4688416,6.036602434,-0.002865049
9/28/21,410.0358887,6.016244689,-0.020357745
9/29/21,410.7260437,6.017926432,0.001681743
9/30/21,405.7060242,6.005628819,-0.012297613
10/1/21,410.5274658,6.017442835,0.011814016
10/4/21,405.2333984,6.004463194,-0.012979641
10/5/21,409.4497375,6.014814155,0.010350961
10/6/21,411.1514282,6.018961585,0.00414743
10/7/21,414.7061157,6.027570114,0.008608529
10/8/21,413.9497681,6.025744633,-0.001825481
10/11/21,410.9529724,6.018478786,-0.007265848
10/12/21,409.9413452,6.016014089,-0.002464697
10/13/21,411.4161682,6.019605277,0.003591188
10/14/21,418.3363953,6.036285882,0.016680605
10/15/21,421.5224915,6.043873137,0.007587254
10/18/21,422.7704163,6.046829281,0.002956144
10/19/21,426.0319824,6.05451442,0.007685139
10/20/21,427.7052612,6.058434316,0.003919897
10/21/21,428.8208923,6.061039331,0.002605015
10/22/21,428.3765564,6.060002613,-0.001036718
10/25/21,430.6738586,6.065351095,0.005348482
10/26/21,431.0613708,6.066250472,0.000899377
10/27/21,429.1517029,6.061810476,-0.004439996
10/28/21,433.2925415,6.071413115,0.009602639
10/29/21,434.171814,6.07344034,0.002027225
11/1/21,434.9185791,6.075158839,0.001718499
11/2/21,436.677063,6.079193936,0.004035097
11/3/21,439.3431091,6.085280678,0.006086742
11/4/21,441.4135132,6.089982108,0.00470143
11/5/21,442.9450378,6.093445694,0.003463587
11/8/21,443.3231812,6.094299033,0.000853338
11/9/21,441.8578186,6.090988153,-0.00331088
11/10/21,438.3031311,6.082910751,-0.008077402
11/11/21,438.4449463,6.083234254,0.000323503
11/12/21,441.7538147,6.090752747,0.007518493
11/15/21,441.9051208,6.0910952,0.000342454
11/16/21,443.6541748,6.095045373,0.003950173
11/17/21,442.5763855,6.092613072,-0.002432301
11/18/21,444.0795288,6.096003665,0.003390593
11/19/21,443.2853699,6.094213738,-0.001789927
11/22/21,442.0374756,6.091394665,-0.002819074
11/23/21,442.6235962,6.092719739,0.001325074
11/24/21,443.8052979,6.095385948,0.002666209
11/26/21,433.9071045,6.072830466,-0.022555482
11/29/21,439.2296753,6.085022455,0.012191988
11/30/21,430.6832581,6.06537292,-0.019649535
12/1/21,425.8995361,6.054203488,-0.011169432
12/2/21,432.42276,6.069403721,0.015200233
12/3/21,428.6601868,6.0606645,-0.008739221
12/6/21,433.7369385,6.072438218,0.011773718
12/7/21,442.7086792,6.092911945,0.020473727
12/8/21,443.8809509,6.095556398,0.002644453
12/9/21,440.8840942,6.088782016,-0.006774382
12/10/21,445.0343323,6.09815143,0.009369414
12/13/21,441.0921631,6.08925384,-0.00889759
12/14/21,438.0574036,6.08234996,-0.00690388
12/15/21,444.901947,6.097853914,0.015503954
12/16/21,440.9785156,6.088996157,-0.008857757
12/17/21,436.2853088,6.078296407,-0.010699749
12/20/21,431.6461792,6.067606223,-0.010690184
12/21/21,439.3117676,6.085209338,0.017603115
12/22/21,443.7042847,6.095158315,0.009948977
12/23/21,446.4650269,6.10136107,0.006202755
12/27/21,452.7834778,6.115414037,0.014052967
12/28/21,452.4134827,6.114596546,-0.000817491
12/29/21,452.9921265,6.115874744,0.001278198
12/30/21,451.7398987,6.113106569,-0.002768176